"SHA256","Category","DateFolder","SourcePath","DestPath","EvidenceBucket","DateTaken","FallbackTimestamp"
"A8AAA6707A5482AA5B2F2750EFAD0E214C831B726AC6CED04106A03D12FBA583","LocationScreenshots","1980-01-01","C:\Users\OH\Projects\marriage-fraud-report\02-evidence\raw\E-001-GooglePhotos\extracted\adri communication\IMG_0649.PNG",".\02-evidence\redacted\categorized\LocationScreenshots\1980-01-01\IMG_0649.PNG","E-001-GooglePhotos","","1980-01-01 00:00:00"
"9CB759F74CFE685C566BF2B76EEFCC5129F4966771CD399EC0E30120741AE4DF","LocationScreenshots","1980-01-01","C:\Users\OH\Projects\marriage-fraud-report\02-evidence\raw\E-001-GooglePhotos\extracted\adri communication\IMG_0650.PNG",".\02-evidence\redacted\categorized\LocationScreenshots\1980-01-01\IMG_0650.PNG","E-001-GooglePhotos","","1980-01-01 00:00:00"
"B6FBB3E8E2BED7E935703BA970F7962810BA0D7FDFE4CD69A288A127D7AF141C","LocationScreenshots","1980-01-01","C:\Users\OH\Projects\marriage-fraud-report\02-evidence\raw\E-001-GooglePhotos\extracted\adri communication\IMG_0651.PNG",".\02-evidence\redacted\categorized\LocationScreenshots\1980-01-01\IMG_0651.PNG","E-001-GooglePhotos","","1980-01-01 00:00:00"
"EB6FD08146C44EAD2C81B3F323C97A42B6C8D0857C1C644DD08F06F089C36EEC","LocationScreenshots","1980-01-01","C:\Users\OH\Projects\marriage-fraud-report\02-evidence\raw\E-001-GooglePhotos\extracted\adri communication\IMG_0652.PNG",".\02-evidence\redacted\categorized\LocationScreenshots\1980-01-01\IMG_0652.PNG","E-001-GooglePhotos","","1980-01-01 00:00:00"
"1A13A99D68A91869376109AB50D82D0359ADFD724B048748076B0B567BCF18EF","LocationScreenshots","1980-01-01","C:\Users\OH\Projects\marriage-fraud-report\02-evidence\raw\E-001-GooglePhotos\extracted\adri communication\IMG_0653.PNG",".\02-evidence\redacted\categorized\LocationScreenshots\1980-01-01\IMG_0653.PNG","E-001-GooglePhotos","","1980-01-01 00:00:00"
"749BBF743ACCB5B8B8B051DF56DFC76BB9EB9CEDFE9F109BB02E900F1BAF3F63","LocationScreenshots","1980-01-01","C:\Users\OH\Projects\marriage-fraud-report\02-evidence\raw\E-001-GooglePhotos\extracted\adri communication\IMG_0708.PNG",".\02-evidence\redacted\categorized\LocationScreenshots\1980-01-01\IMG_0708.PNG","E-001-GooglePhotos","","1980-01-01 00:00:00"
"E5D4344C9AFE218BAC61AE5D05FB73B84643551BF9D13C42689F408D1283A326","LocationScreenshots","1980-01-01","C:\Users\OH\Projects\marriage-fraud-report\02-evidence\raw\E-001-GooglePhotos\extracted\adri communication\IMG_0888.PNG",".\02-evidence\redacted\categorized\LocationScreenshots\1980-01-01\IMG_0888.PNG","E-001-GooglePhotos","","1980-01-01 00:00:00"
"5F8F7C6555D4A95459EF53FC50BA65C5D51DD7EF4C3A529C3604F9275EE44431","LocationScreenshots","1980-01-01","C:\Users\OH\Projects\marriage-fraud-report\02-evidence\raw\E-001-GooglePhotos\extracted\adri communication\IMG_0889.PNG",".\02-evidence\redacted\categorized\LocationScreenshots\1980-01-01\IMG_0889.PNG","E-001-GooglePhotos","","1980-01-01 00:00:00"
"364C187158592CE6FE35FB24AA347BE457C2CF2BF0E2DDD6C73C17C8E1E99D48","LocationScreenshots","1980-01-01","C:\Users\OH\Projects\marriage-fraud-report\02-evidence\raw\E-001-GooglePhotos\extracted\adri communication\IMG_1748.PNG",".\02-evidence\redacted\categorized\LocationScreenshots\1980-01-01\IMG_1748.PNG","E-001-GooglePhotos","","1980-01-01 00:00:00"
"35B3A9A5307A73C7B888EAC55373722E8186FC2AAB65B4BFB0209D7B3C0FB33A","Conversations","1980-01-01","C:\Users\OH\Projects\marriage-fraud-report\02-evidence\raw\E-001-GooglePhotos\extracted\adri communication\IMG_1777.PNG",".\02-evidence\redacted\categorized\Conversations\1980-01-01\IMG_1777.PNG","E-001-GooglePhotos","","1980-01-01 00:00:00"
"6AAE27EAC05CD656928DB2A3DF712EA62B37F60B53B6444F9BEC232501B7162A","Conversations","1980-01-01","C:\Users\OH\Projects\marriage-fraud-report\02-evidence\raw\E-001-GooglePhotos\extracted\adri communication\IMG_1809.PNG",".\02-evidence\redacted\categorized\Conversations\1980-01-01\IMG_1809.PNG","E-001-GooglePhotos","","1980-01-01 00:00:00"
"019795BAE17EACB2E779B4AB50D3C6DE4D593375A8567EFBC3D6CC7CFCB36D9F","Conversations","1980-01-01","C:\Users\OH\Projects\marriage-fraud-report\02-evidence\raw\E-001-GooglePhotos\extracted\adri communication\IMG_1810.PNG",".\02-evidence\redacted\categorized\Conversations\1980-01-01\IMG_1810.PNG","E-001-GooglePhotos","","1980-01-01 00:00:00"
"A9D34FF39728F81389812657358880F95596E629CFAEF34EA530C9DE6769E67F","DrugPayments","1980-01-01","C:\Users\OH\Projects\marriage-fraud-report\02-evidence\raw\E-001-GooglePhotos\extracted\adri communication\IMG_1876.PNG",".\02-evidence\redacted\categorized\DrugPayments\1980-01-01\IMG_1876.PNG","E-001-GooglePhotos","","1980-01-01 00:00:00"
"DB2B7D141BDDE3D99F15D06DFEDE87A4508F6E4E474A84392953BC6583A3293B","DrugPayments","1980-01-01","C:\Users\OH\Projects\marriage-fraud-report\02-evidence\raw\E-001-GooglePhotos\extracted\adri communication\IMG_1877.PNG",".\02-evidence\redacted\categorized\DrugPayments\1980-01-01\IMG_1877.PNG","E-001-GooglePhotos","","1980-01-01 00:00:00"
"7D19D729E46D6570B05DB30DDEDBC00626310E418910AAFFC3224FDC3BECDE65","DrugPayments","1980-01-01","C:\Users\OH\Projects\marriage-fraud-report\02-evidence\raw\E-001-GooglePhotos\extracted\adri communication\IMG_1878.PNG",".\02-evidence\redacted\categorized\DrugPayments\1980-01-01\IMG_1878.PNG","E-001-GooglePhotos","","1980-01-01 00:00:00"
"D069ACC0604CE441DD886F0944E253AB75BE7A87C4993F5659000A72B7EB7FF1","LocationScreenshots","1980-01-01","C:\Users\OH\Projects\marriage-fraud-report\02-evidence\raw\E-001-GooglePhotos\extracted\adri communication\IMG_2038.PNG",".\02-evidence\redacted\categorized\LocationScreenshots\1980-01-01\IMG_2038.PNG","E-001-GooglePhotos","","1980-01-01 00:00:00"
"A45F6E2C2D86C649E5F6A071579E86999F59FFB2CB6F57356E8BB2A19E0E82D8","Conversations","1980-01-01","C:\Users\OH\Projects\marriage-fraud-report\02-evidence\raw\E-001-GooglePhotos\extracted\adri communication\IMG_2041.PNG",".\02-evidence\redacted\categorized\Conversations\1980-01-01\IMG_2041.PNG","E-001-GooglePhotos","","1980-01-01 00:00:00"
"8D221DA56805F4C647AB5C2891E8916B05E0986B4164BD97DB5545ED1BDE34AE","DrugPayments","1980-01-01","C:\Users\OH\Projects\marriage-fraud-report\02-evidence\raw\E-001-GooglePhotos\extracted\adri communication\IMG_2044.PNG",".\02-evidence\redacted\categorized\DrugPayments\1980-01-01\IMG_2044.PNG","E-001-GooglePhotos","","1980-01-01 00:00:00"
"26C328D9571088ED5EF271EC63B4C2BE9993B797405994494B1E6380D9E2EB78","Conversations","1980-01-01","C:\Users\OH\Projects\marriage-fraud-report\02-evidence\raw\E-001-GooglePhotos\extracted\adri communication\IMG_2046.PNG",".\02-evidence\redacted\categorized\Conversations\1980-01-01\IMG_2046.PNG","E-001-GooglePhotos","","1980-01-01 00:00:00"
"E2D604FA1D9B6FD9C8805F1316EEBACA13293FE81D8D7ACE38B44C6553D8AF84","LocationScreenshots","1980-01-01","C:\Users\OH\Projects\marriage-fraud-report\02-evidence\raw\E-001-GooglePhotos\extracted\adri communication\IMG_2048.PNG",".\02-evidence\redacted\categorized\LocationScreenshots\1980-01-01\IMG_2048.PNG","E-001-GooglePhotos","","1980-01-01 00:00:00"
"A1D22B4A436A03E80D0A50E9A4392A1A571B1435BBE27359AE3E1D3673AE26BF","Conversations","1980-01-01","C:\Users\OH\Projects\marriage-fraud-report\02-evidence\raw\E-001-GooglePhotos\extracted\adri communication\IMG_2502.PNG",".\02-evidence\redacted\categorized\Conversations\1980-01-01\IMG_2502.PNG","E-001-GooglePhotos","","1980-01-01 00:00:00"
"948AEB6FCD95BAE31DADB701EBB486FB0C2E024E813FC14F705F439D681BE563","Conversations","1980-01-01","C:\Users\OH\Projects\marriage-fraud-report\02-evidence\raw\E-001-GooglePhotos\extracted\adri communication\IMG_2509.PNG",".\02-evidence\redacted\categorized\Conversations\1980-01-01\IMG_2509.PNG","E-001-GooglePhotos","","1980-01-01 00:00:00"
"24DA6E5F81FE987A3FA9690BE147B665CDED70B199BBF9C36416DD98312D540F","Conversations","1980-01-01","C:\Users\OH\Projects\marriage-fraud-report\02-evidence\raw\E-001-GooglePhotos\extracted\adri communication\IMG_2513.PNG",".\02-evidence\redacted\categorized\Conversations\1980-01-01\IMG_2513.PNG","E-001-GooglePhotos","","1980-01-01 00:00:00"
"F2366DA10D32E54F46B647D9B168CA4B87B7B71214947AAA56C60FC4D5573A7F","LocationScreenshots","1980-01-01","C:\Users\OH\Projects\marriage-fraud-report\02-evidence\raw\E-001-GooglePhotos\extracted\adri communication\IMG_3291.PNG",".\02-evidence\redacted\categorized\LocationScreenshots\1980-01-01\IMG_3291.PNG","E-001-GooglePhotos","","1980-01-01 00:00:00"
"B4EBC1948F8325A1527C7090E9F46ABDBC26F7CEEAAC5704C04EE0AE1BC1E249","LocationScreenshots","1980-01-01","C:\Users\OH\Projects\marriage-fraud-report\02-evidence\raw\E-001-GooglePhotos\extracted\adri communication\IMG_3666.PNG",".\02-evidence\redacted\categorized\LocationScreenshots\1980-01-01\IMG_3666.PNG","E-001-GooglePhotos","","1980-01-01 00:00:00"
"FC046D28249154428F48FBC3F0190980C9B15E2BF30260CAFDD4D08277F46AA1","Conversations","1980-01-01","C:\Users\OH\Projects\marriage-fraud-report\02-evidence\raw\E-001-GooglePhotos\extracted\adri communication\IMG_4542.PNG",".\02-evidence\redacted\categorized\Conversations\1980-01-01\IMG_4542.PNG","E-001-GooglePhotos","","1980-01-01 00:00:00"
"885C7C6602C04720166102C9D12224A9E25DAF5F787430D64B46EAB8878EDAB7","LocationScreenshots","1980-01-01","C:\Users\OH\Projects\marriage-fraud-report\02-evidence\raw\E-001-GooglePhotos\extracted\adri communication\IMG_4547.PNG",".\02-evidence\redacted\categorized\LocationScreenshots\1980-01-01\IMG_4547.PNG","E-001-GooglePhotos","","1980-01-01 00:00:00"
"24864F122321E1EA549A92C941AAC9B2E1E00DAB9F1BE8BA1A0626EBAC50045F","LocationScreenshots","1980-01-01","C:\Users\OH\Projects\marriage-fraud-report\02-evidence\raw\E-001-GooglePhotos\extracted\adri communication\IMG_4549.PNG",".\02-evidence\redacted\categorized\LocationScreenshots\1980-01-01\IMG_4549.PNG","E-001-GooglePhotos","","1980-01-01 00:00:00"
"50B493F8FEE1010A3A4B78EA62D460589D41398B2AE1EC0550F2D1179B288E48","LocationScreenshots","1980-01-01","C:\Users\OH\Projects\marriage-fraud-report\02-evidence\raw\E-001-GooglePhotos\extracted\adri communication\IMG_4552.PNG",".\02-evidence\redacted\categorized\LocationScreenshots\1980-01-01\IMG_4552.PNG","E-001-GooglePhotos","","1980-01-01 00:00:00"
"7357F6C587286D501F3A89858B1DA6F88C9F236B3B2CDC26E98FEBF99A2D9B1C","LocationScreenshots","1980-01-01","C:\Users\OH\Projects\marriage-fraud-report\02-evidence\raw\E-001-GooglePhotos\extracted\adri communication\IMG_4553.PNG",".\02-evidence\redacted\categorized\LocationScreenshots\1980-01-01\IMG_4553.PNG","E-001-GooglePhotos","","1980-01-01 00:00:00"
"0ABAF8082027FF3F8EEBB4604C62835A5C648E55EB0A1B28707F5C27A8CEEE1E","LocationScreenshots","1980-01-01","C:\Users\OH\Projects\marriage-fraud-report\02-evidence\raw\E-001-GooglePhotos\extracted\adri communication\IMG_4554.PNG",".\02-evidence\redacted\categorized\LocationScreenshots\1980-01-01\IMG_4554.PNG","E-001-GooglePhotos","","1980-01-01 00:00:00"
"2464CB42D01788B12BC2CB767F6F6E10B079023195C343693374B350E838AD99","LocationScreenshots","1980-01-01","C:\Users\OH\Projects\marriage-fraud-report\02-evidence\raw\E-001-GooglePhotos\extracted\adri communication\IMG_4932.PNG",".\02-evidence\redacted\categorized\LocationScreenshots\1980-01-01\IMG_4932.PNG","E-001-GooglePhotos","","1980-01-01 00:00:00"
"28E3FFF217D1C7BDCAECC7FBC18DA490FAB106F798411764B7B8C76C5E6E8D16","LocationScreenshots","1980-01-01","C:\Users\OH\Projects\marriage-fraud-report\02-evidence\raw\E-001-GooglePhotos\extracted\adri communication\IMG_4933.PNG",".\02-evidence\redacted\categorized\LocationScreenshots\1980-01-01\IMG_4933.PNG","E-001-GooglePhotos","","1980-01-01 00:00:00"
"8F71934F0D2032EA8B1C1D39C6156A9A60BE7BDD585AF2B8019407F5CE388E16","Conversations","1980-01-01","C:\Users\OH\Projects\marriage-fraud-report\02-evidence\raw\E-001-GooglePhotos\extracted\adri communication\IMG_4938.PNG",".\02-evidence\redacted\categorized\Conversations\1980-01-01\IMG_4938.PNG","E-001-GooglePhotos","","1980-01-01 00:00:00"
"80C3DD2BD5D56140583D009BB22323F41B992816D2995421FAA898DB379FC5C5","Conversations","1980-01-01","C:\Users\OH\Projects\marriage-fraud-report\02-evidence\raw\E-001-GooglePhotos\extracted\adri communication\IMG_4940.PNG",".\02-evidence\redacted\categorized\Conversations\1980-01-01\IMG_4940.PNG","E-001-GooglePhotos","","1980-01-01 00:00:00"
"8F99BCC370B4DE6A92695D0E12B3BB0DFD3453A554E0C6EFFDC77BB57B123E1F","LocationScreenshots","1980-01-01","C:\Users\OH\Projects\marriage-fraud-report\02-evidence\raw\E-001-GooglePhotos\extracted\adri communication\IMG_4947.PNG",".\02-evidence\redacted\categorized\LocationScreenshots\1980-01-01\IMG_4947.PNG","E-001-GooglePhotos","","1980-01-01 00:00:00"
"1172465009798D8A897DACB13AC7908AB0CAD39CA63321EA62609C102DEBE8BF","LocationScreenshots","1980-01-01","C:\Users\OH\Projects\marriage-fraud-report\02-evidence\raw\E-001-GooglePhotos\extracted\adri communication\IMG_4948.PNG",".\02-evidence\redacted\categorized\LocationScreenshots\1980-01-01\IMG_4948.PNG","E-001-GooglePhotos","","1980-01-01 00:00:00"
"9C260257495472EA1BB7E3202B0945844B8D1D2C5D82867C80FADD5399A7704A","LocationScreenshots","1980-01-01","C:\Users\OH\Projects\marriage-fraud-report\02-evidence\raw\E-001-GooglePhotos\extracted\adri communication\IMG_4949.PNG",".\02-evidence\redacted\categorized\LocationScreenshots\1980-01-01\IMG_4949.PNG","E-001-GooglePhotos","","1980-01-01 00:00:00"
"4B639A4C32450001F604F2B219CE5796D913346D70AFB44DB46C917C6AB3E9E0","Conversations","1980-01-01","C:\Users\OH\Projects\marriage-fraud-report\02-evidence\raw\E-001-GooglePhotos\extracted\adri communication\IMG_4955.PNG",".\02-evidence\redacted\categorized\Conversations\1980-01-01\IMG_4955.PNG","E-001-GooglePhotos","","1980-01-01 00:00:00"
"945B2E1DAE0DB93116D560FC1F08EBF35DB84A9A6A5248C6CD29A26466792812","LocationScreenshots","1980-01-01","C:\Users\OH\Projects\marriage-fraud-report\02-evidence\raw\E-001-GooglePhotos\extracted\adri communication\IMG_5181.PNG",".\02-evidence\redacted\categorized\LocationScreenshots\1980-01-01\IMG_5181.PNG","E-001-GooglePhotos","","1980-01-01 00:00:00"
"4F8EBA2A525BCF73237B4C8F23F3B2CD1FA6701322A7EF3FD334B7538807A9B8","LocationScreenshots","1980-01-01","C:\Users\OH\Projects\marriage-fraud-report\02-evidence\raw\E-001-GooglePhotos\extracted\adri communication\IMG_5182.PNG",".\02-evidence\redacted\categorized\LocationScreenshots\1980-01-01\IMG_5182.PNG","E-001-GooglePhotos","","1980-01-01 00:00:00"
"9B86C26A87CA3A094FE3B31FDB06489BA74BC9F9103842D459ECC856881EBEE5","DrugPayments","1980-01-01","C:\Users\OH\Projects\marriage-fraud-report\02-evidence\raw\E-001-GooglePhotos\extracted\adri communication\IMG_5200.PNG",".\02-evidence\redacted\categorized\DrugPayments\1980-01-01\IMG_5200.PNG","E-001-GooglePhotos","","1980-01-01 00:00:00"
"CD758C5ACBCD63F664D4AC564C5E41B25DCFBE4599BCD9279AE7EFD21A20A7CA","LocationScreenshots","1980-01-01","C:\Users\OH\Projects\marriage-fraud-report\02-evidence\raw\E-001-GooglePhotos\extracted\adri communication\IMG_5220.PNG",".\02-evidence\redacted\categorized\LocationScreenshots\1980-01-01\IMG_5220.PNG","E-001-GooglePhotos","","1980-01-01 00:00:00"
"BF3D00B8049815B9A9521BB32BA9FDD4F774B57E71CC86E5846CEFFE5033B54C","LocationScreenshots","1980-01-01","C:\Users\OH\Projects\marriage-fraud-report\02-evidence\raw\E-001-GooglePhotos\extracted\adri communication\IMG_5221.PNG",".\02-evidence\redacted\categorized\LocationScreenshots\1980-01-01\IMG_5221.PNG","E-001-GooglePhotos","","1980-01-01 00:00:00"
"C994D8AB5C63A1E75A113B98E97EAC4CEAA95EFEA112CD3A9C4043349543E74B","LocationScreenshots","1980-01-01","C:\Users\OH\Projects\marriage-fraud-report\02-evidence\raw\E-001-GooglePhotos\extracted\adri communication\IMG_5258.PNG",".\02-evidence\redacted\categorized\LocationScreenshots\1980-01-01\IMG_5258.PNG","E-001-GooglePhotos","","1980-01-01 00:00:00"
"D30FA94E256C20D76453D45E6F4E0B34C7D8414243609439F0FB80C1108B93B9","LocationScreenshots","1980-01-01","C:\Users\OH\Projects\marriage-fraud-report\02-evidence\raw\E-001-GooglePhotos\extracted\adri communication\IMG_5259.PNG",".\02-evidence\redacted\categorized\LocationScreenshots\1980-01-01\IMG_5259.PNG","E-001-GooglePhotos","","1980-01-01 00:00:00"
"7BCE2E5B37BFC8D3E2602E107316EF8BBD2951F174BDE7DDDD828E835CC34B37","LocationScreenshots","1980-01-01","C:\Users\OH\Projects\marriage-fraud-report\02-evidence\raw\E-001-GooglePhotos\extracted\adri communication\IMG_5261.PNG",".\02-evidence\redacted\categorized\LocationScreenshots\1980-01-01\IMG_5261.PNG","E-001-GooglePhotos","","1980-01-01 00:00:00"
"D6A5EF3DB161355E26AB06BE549E7D008BBA01CE3EC5E3F8A2141F35C7F8802F","LocationScreenshots","1980-01-01","C:\Users\OH\Projects\marriage-fraud-report\02-evidence\raw\E-001-GooglePhotos\extracted\adri communication\IMG_5365.PNG",".\02-evidence\redacted\categorized\LocationScreenshots\1980-01-01\IMG_5365.PNG","E-001-GooglePhotos","","1980-01-01 00:00:00"
"8D3944593E007D5D96B11476D0786D1A6710C04D03D014C6124D17768EC19433","LocationScreenshots","1980-01-01","C:\Users\OH\Projects\marriage-fraud-report\02-evidence\raw\E-001-GooglePhotos\extracted\adri communication\IMG_5369.PNG",".\02-evidence\redacted\categorized\LocationScreenshots\1980-01-01\IMG_5369.PNG","E-001-GooglePhotos","","1980-01-01 00:00:00"
"58DF5EB5DD297C069FE992C5D2307AE6D9DE97D78A612CD222A94D462848194C","LocationScreenshots","1980-01-01","C:\Users\OH\Projects\marriage-fraud-report\02-evidence\raw\E-001-GooglePhotos\extracted\adri communication\IMG_5896.PNG",".\02-evidence\redacted\categorized\LocationScreenshots\1980-01-01\IMG_5896.PNG","E-001-GooglePhotos","","1980-01-01 00:00:00"
"A2FDC214AA8736A654ED6B5F2B576BBE7C7BA43D4667AD4FF3DAAFF4AEB7B554","LocationScreenshots","1980-01-01","C:\Users\OH\Projects\marriage-fraud-report\02-evidence\raw\E-001-GooglePhotos\extracted\adri communication\IMG_5903.PNG",".\02-evidence\redacted\categorized\LocationScreenshots\1980-01-01\IMG_5903.PNG","E-001-GooglePhotos","","1980-01-01 00:00:00"
"C20801A5E8B4A948F1DDDC192D1FD08E9CE9B632A5CF6A247F2876B753C9CBCB","Conversations","1980-01-01","C:\Users\OH\Projects\marriage-fraud-report\02-evidence\raw\E-001-GooglePhotos\extracted\adri communication\IMG_5904.PNG",".\02-evidence\redacted\categorized\Conversations\1980-01-01\IMG_5904.PNG","E-001-GooglePhotos","","1980-01-01 00:00:00"
"74F6442BFF3F1F895222A4DF11CC8416CE305377A065092CC2520A9E229756A0","LocationScreenshots","1980-01-01","C:\Users\OH\Projects\marriage-fraud-report\02-evidence\raw\E-001-GooglePhotos\extracted\adri communication\IMG_5905.PNG",".\02-evidence\redacted\categorized\LocationScreenshots\1980-01-01\IMG_5905.PNG","E-001-GooglePhotos","","1980-01-01 00:00:00"
"448B135E13BCAE65FD78499106AD12BDEB67CB7A3A01250A226D54EA3A05FBFE","LocationScreenshots","1980-01-01","C:\Users\OH\Projects\marriage-fraud-report\02-evidence\raw\E-001-GooglePhotos\extracted\adri communication\IMG_5906.PNG",".\02-evidence\redacted\categorized\LocationScreenshots\1980-01-01\IMG_5906.PNG","E-001-GooglePhotos","","1980-01-01 00:00:00"
"C660B609383DF913F0534376EED9906A0C0A9DDF4C8CECDDA8ECF2A8DAE178E2","LocationScreenshots","1980-01-01","C:\Users\OH\Projects\marriage-fraud-report\02-evidence\raw\E-001-GooglePhotos\extracted\adri communication\IMG_5907.PNG",".\02-evidence\redacted\categorized\LocationScreenshots\1980-01-01\IMG_5907.PNG","E-001-GooglePhotos","","1980-01-01 00:00:00"
"B175B94651D4938038474FAD454A607DDE7C54F6606809313C8035B3F8456204","LocationScreenshots","1980-01-01","C:\Users\OH\Projects\marriage-fraud-report\02-evidence\raw\E-001-GooglePhotos\extracted\adri communication\IMG_5908.PNG",".\02-evidence\redacted\categorized\LocationScreenshots\1980-01-01\IMG_5908.PNG","E-001-GooglePhotos","","1980-01-01 00:00:00"
"87D8BCF8D6D48FD834FB973D851B9E30C5A4EE5EE64A3DCEC05316FE895D63BC","Conversations","1980-01-01","C:\Users\OH\Projects\marriage-fraud-report\02-evidence\raw\E-001-GooglePhotos\extracted\adri communication\IMG_5909.PNG",".\02-evidence\redacted\categorized\Conversations\1980-01-01\IMG_5909.PNG","E-001-GooglePhotos","","1980-01-01 00:00:00"
"7899F86D562D71E1C10A5FEC965143898524F3247681E779196A6338343BD162","LocationScreenshots","1980-01-01","C:\Users\OH\Projects\marriage-fraud-report\02-evidence\raw\E-001-GooglePhotos\extracted\adri communication\IMG_5910.PNG",".\02-evidence\redacted\categorized\LocationScreenshots\1980-01-01\IMG_5910.PNG","E-001-GooglePhotos","","1980-01-01 00:00:00"
"2B79935A3F8E4EA545EE8A0751774A7E7E72F9BF08CBD8316402282FE2940BD8","Conversations","1980-01-01","C:\Users\OH\Projects\marriage-fraud-report\02-evidence\raw\E-001-GooglePhotos\extracted\adri communication\IMG_5911.PNG",".\02-evidence\redacted\categorized\Conversations\1980-01-01\IMG_5911.PNG","E-001-GooglePhotos","","1980-01-01 00:00:00"
"93F7B1D3C7AD333552461C95251BBB65822A5D0BF4FD8C558107013E3367B902","LocationScreenshots","1980-01-01","C:\Users\OH\Projects\marriage-fraud-report\02-evidence\raw\E-001-GooglePhotos\extracted\adri communication\IMG_5953.PNG",".\02-evidence\redacted\categorized\LocationScreenshots\1980-01-01\IMG_5953.PNG","E-001-GooglePhotos","","1980-01-01 00:00:00"
"B9B5B6EC595CF7CF7FAE9A4C74A4C1BED4E64BC43DB8F279FCEE098CCE74D35E","Conversations","1980-01-01","C:\Users\OH\Projects\marriage-fraud-report\02-evidence\raw\E-001-GooglePhotos\extracted\adri communication\IMG_5954.PNG",".\02-evidence\redacted\categorized\Conversations\1980-01-01\IMG_5954.PNG","E-001-GooglePhotos","","1980-01-01 00:00:00"
"38C4CF5F0D86EBC0AE2AA71C1EF9864821CB0FF840306DEA35470FF24F6F45FF","LocationScreenshots","1980-01-01","C:\Users\OH\Projects\marriage-fraud-report\02-evidence\raw\E-001-GooglePhotos\extracted\adri communication\IMG_6556.PNG",".\02-evidence\redacted\categorized\LocationScreenshots\1980-01-01\IMG_6556.PNG","E-001-GooglePhotos","","1980-01-01 00:00:00"
"2529D1127DA9D36B3B43C9BF997C14FB96117B87C359E45658BDD37C88328592","LocationScreenshots","1980-01-01","C:\Users\OH\Projects\marriage-fraud-report\02-evidence\raw\E-001-GooglePhotos\extracted\adri communication\IMG_6557.PNG",".\02-evidence\redacted\categorized\LocationScreenshots\1980-01-01\IMG_6557.PNG","E-001-GooglePhotos","","1980-01-01 00:00:00"
"169EF8602DF5A3F8036358B21B345CE0179640CF51F27CDD675EFEB7D6F19F61","LocationScreenshots","1980-01-01","C:\Users\OH\Projects\marriage-fraud-report\02-evidence\raw\E-001-GooglePhotos\extracted\adri communication\IMG_6564.PNG",".\02-evidence\redacted\categorized\LocationScreenshots\1980-01-01\IMG_6564.PNG","E-001-GooglePhotos","","1980-01-01 00:00:00"
"79D40CB7AB7FC5DB1E01BD3AE7601E3808CF997B0D63CA49592AF173B25C2CAA","LocationScreenshots","1980-01-01","C:\Users\OH\Projects\marriage-fraud-report\02-evidence\raw\E-001-GooglePhotos\extracted\adri communication\IMG_6565.PNG",".\02-evidence\redacted\categorized\LocationScreenshots\1980-01-01\IMG_6565.PNG","E-001-GooglePhotos","","1980-01-01 00:00:00"
"E85DF4E81329044F037FC95383F59AFD1B3A70E9555D5BC2EFE146B1FB9FD40B","LocationScreenshots","1980-01-01","C:\Users\OH\Projects\marriage-fraud-report\02-evidence\raw\E-001-GooglePhotos\extracted\adri communication\IMG_6567.PNG",".\02-evidence\redacted\categorized\LocationScreenshots\1980-01-01\IMG_6567.PNG","E-001-GooglePhotos","","1980-01-01 00:00:00"
"AFA62ECCDD486F421967132626EDA68E44F37C2179CD502F08F92E5E41CB2378","LocationScreenshots","1980-01-01","C:\Users\OH\Projects\marriage-fraud-report\02-evidence\raw\E-001-GooglePhotos\extracted\adri communication\IMG_6569.PNG",".\02-evidence\redacted\categorized\LocationScreenshots\1980-01-01\IMG_6569.PNG","E-001-GooglePhotos","","1980-01-01 00:00:00"
"87437E066789FFE51121B4214193FAAA7F230699E06FD5F8F115D883B48525D0","LocationScreenshots","1980-01-01","C:\Users\OH\Projects\marriage-fraud-report\02-evidence\raw\E-001-GooglePhotos\extracted\adri communication\IMG_6570.PNG",".\02-evidence\redacted\categorized\LocationScreenshots\1980-01-01\IMG_6570.PNG","E-001-GooglePhotos","","1980-01-01 00:00:00"
"26E76F24B93194A714B2D7E1C0AEE7D3F4C1F38B5DEC03456BF6A0E0A5A94E3C","LocationScreenshots","1980-01-01","C:\Users\OH\Projects\marriage-fraud-report\02-evidence\raw\E-001-GooglePhotos\extracted\adri communication\IMG_6571.PNG",".\02-evidence\redacted\categorized\LocationScreenshots\1980-01-01\IMG_6571.PNG","E-001-GooglePhotos","","1980-01-01 00:00:00"
"25E3AA4D9B21F3487E4CB8412EC2457566A26533EDDC9A1E84ABA7228928015A","LocationScreenshots","1980-01-01","C:\Users\OH\Projects\marriage-fraud-report\02-evidence\raw\E-001-GooglePhotos\extracted\adri communication\IMG_6572.PNG",".\02-evidence\redacted\categorized\LocationScreenshots\1980-01-01\IMG_6572.PNG","E-001-GooglePhotos","","1980-01-01 00:00:00"
"9802072FC6D3665109747A7A436E318581AA0208A5569BF63DA9012E4C626661","LocationScreenshots","1980-01-01","C:\Users\OH\Projects\marriage-fraud-report\02-evidence\raw\E-001-GooglePhotos\extracted\adri communication\IMG_6578.PNG",".\02-evidence\redacted\categorized\LocationScreenshots\1980-01-01\IMG_6578.PNG","E-001-GooglePhotos","","1980-01-01 00:00:00"
"947AFC0BFCBE7BB82AAAC701E0FD510A0F3B31D23C698F89C0151D8EE58DBF50","LocationScreenshots","1980-01-01","C:\Users\OH\Projects\marriage-fraud-report\02-evidence\raw\E-001-GooglePhotos\extracted\adri communication\IMG_6579.PNG",".\02-evidence\redacted\categorized\LocationScreenshots\1980-01-01\IMG_6579.PNG","E-001-GooglePhotos","","1980-01-01 00:00:00"
"BD2C308737DAA94CC91DC2AD516E7C282A0A6424D85E8978F0E34A83DC5A801F","LocationScreenshots","1980-01-01","C:\Users\OH\Projects\marriage-fraud-report\02-evidence\raw\E-001-GooglePhotos\extracted\adri communication\IMG_6580.PNG",".\02-evidence\redacted\categorized\LocationScreenshots\1980-01-01\IMG_6580.PNG","E-001-GooglePhotos","","1980-01-01 00:00:00"
"326E82301F06EBE259D60B902FDE97F97C7D4E5318C30B53C3A94CC405589A51","LocationScreenshots","1980-01-01","C:\Users\OH\Projects\marriage-fraud-report\02-evidence\raw\E-001-GooglePhotos\extracted\adri communication\IMG_6581.PNG",".\02-evidence\redacted\categorized\LocationScreenshots\1980-01-01\IMG_6581.PNG","E-001-GooglePhotos","","1980-01-01 00:00:00"
"1572FF1241D9D702E4E8E77E8EBA4429C542E92AFF3A29492154C93CD5DA5E0A","Conversations","1980-01-01","C:\Users\OH\Projects\marriage-fraud-report\02-evidence\raw\E-001-GooglePhotos\extracted\adri communication\IMG_6582.PNG",".\02-evidence\redacted\categorized\Conversations\1980-01-01\IMG_6582.PNG","E-001-GooglePhotos","","1980-01-01 00:00:00"
"A20975A0C9BB338147011A1538E8903B65F4D502E35BFD6CAD0E98E60F7666BD","Conversations","1980-01-01","C:\Users\OH\Projects\marriage-fraud-report\02-evidence\raw\E-001-GooglePhotos\extracted\adri communication\IMG_6583.PNG",".\02-evidence\redacted\categorized\Conversations\1980-01-01\IMG_6583.PNG","E-001-GooglePhotos","","1980-01-01 00:00:00"
"5DA23ABC02464AB47DA254F54BCC64430BC9E77E096FDBBDFB36BE60A0FF18A2","Conversations","1980-01-01","C:\Users\OH\Projects\marriage-fraud-report\02-evidence\raw\E-001-GooglePhotos\extracted\adri communication\IMG_6584.PNG",".\02-evidence\redacted\categorized\Conversations\1980-01-01\IMG_6584.PNG","E-001-GooglePhotos","","1980-01-01 00:00:00"
"043398C26754F74D94ED69E496FC0C6AB6ECF7DB443740B831501E66A567FB11","LocationScreenshots","1980-01-01","C:\Users\OH\Projects\marriage-fraud-report\02-evidence\raw\E-001-GooglePhotos\extracted\adri communication\IMG_6585.PNG",".\02-evidence\redacted\categorized\LocationScreenshots\1980-01-01\IMG_6585.PNG","E-001-GooglePhotos","","1980-01-01 00:00:00"
"9897B3320452EB817C588AE93C0C347A8CD44425D7D22084B51F955AB8885F85","Conversations","1980-01-01","C:\Users\OH\Projects\marriage-fraud-report\02-evidence\raw\E-001-GooglePhotos\extracted\adri communication\IMG_6586.PNG",".\02-evidence\redacted\categorized\Conversations\1980-01-01\IMG_6586.PNG","E-001-GooglePhotos","","1980-01-01 00:00:00"
"7B0373269F97AB52CD893EBA25BCA851C807497990C8BEF27312404074BA2A5D","Conversations","1980-01-01","C:\Users\OH\Projects\marriage-fraud-report\02-evidence\raw\E-001-GooglePhotos\extracted\adri communication\IMG_6587.PNG",".\02-evidence\redacted\categorized\Conversations\1980-01-01\IMG_6587.PNG","E-001-GooglePhotos","","1980-01-01 00:00:00"
"59C0FF98B8F67BA9525783D6ECE36666AF55510DBCCBBBCFC90290B7CB6D0A30","LocationScreenshots","1980-01-01","C:\Users\OH\Projects\marriage-fraud-report\02-evidence\raw\E-001-GooglePhotos\extracted\adri communication\IMG_6589.PNG",".\02-evidence\redacted\categorized\LocationScreenshots\1980-01-01\IMG_6589.PNG","E-001-GooglePhotos","","1980-01-01 00:00:00"
"91F6ED26C64FE21AD6CEA353905D8D164519AEC0FB577DD3260B61BAADA35356","LocationScreenshots","1980-01-01","C:\Users\OH\Projects\marriage-fraud-report\02-evidence\raw\E-001-GooglePhotos\extracted\adri communication\IMG_6593.PNG",".\02-evidence\redacted\categorized\LocationScreenshots\1980-01-01\IMG_6593.PNG","E-001-GooglePhotos","","1980-01-01 00:00:00"
"B06A078EAF49DDE38846DE581A3632A0F5F8A103E51C284FF95A9DF61DF1C499","Conversations","1980-01-01","C:\Users\OH\Projects\marriage-fraud-report\02-evidence\raw\E-001-GooglePhotos\extracted\adri communication\IMG_6595.PNG",".\02-evidence\redacted\categorized\Conversations\1980-01-01\IMG_6595.PNG","E-001-GooglePhotos","","1980-01-01 00:00:00"
"4B6136CCC72052C94F9691741223E8297644E365FF778FCF825BA1A25FDA5E70","LocationScreenshots","1980-01-01","C:\Users\OH\Projects\marriage-fraud-report\02-evidence\raw\E-001-GooglePhotos\extracted\adri communication\IMG_6596.PNG",".\02-evidence\redacted\categorized\LocationScreenshots\1980-01-01\IMG_6596.PNG","E-001-GooglePhotos","","1980-01-01 00:00:00"
"C394464D5DF74F32C0F9761B13594EB72F016ABB7E95B33D50E613D0FB5E7DC7","LocationScreenshots","1980-01-01","C:\Users\OH\Projects\marriage-fraud-report\02-evidence\raw\E-001-GooglePhotos\extracted\adri communication\IMG_6597.PNG",".\02-evidence\redacted\categorized\LocationScreenshots\1980-01-01\IMG_6597.PNG","E-001-GooglePhotos","","1980-01-01 00:00:00"
"4C3060DF4A442BE9D780E054955FAFC66AEEF18A0ADA568E099F44F6B52D9BB5","LocationScreenshots","1980-01-01","C:\Users\OH\Projects\marriage-fraud-report\02-evidence\raw\E-001-GooglePhotos\extracted\adri communication\IMG_6599.PNG",".\02-evidence\redacted\categorized\LocationScreenshots\1980-01-01\IMG_6599.PNG","E-001-GooglePhotos","","1980-01-01 00:00:00"
"B823BF971ED7C5F0BE21619F3BB7520629942F820EBD44C654DB97310E801637","Conversations","1980-01-01","C:\Users\OH\Projects\marriage-fraud-report\02-evidence\raw\E-001-GooglePhotos\extracted\adri communication\IMG_6600.PNG",".\02-evidence\redacted\categorized\Conversations\1980-01-01\IMG_6600.PNG","E-001-GooglePhotos","","1980-01-01 00:00:00"
"432AEA89F9D8005FFB5AE3F0D285A9F45397C9FE3C31C38CA11F53059D6B8C33","Conversations","1980-01-01","C:\Users\OH\Projects\marriage-fraud-report\02-evidence\raw\E-001-GooglePhotos\extracted\adri communication\IMG_6602.PNG",".\02-evidence\redacted\categorized\Conversations\1980-01-01\IMG_6602.PNG","E-001-GooglePhotos","","1980-01-01 00:00:00"
"723845C9AE39458BFE12AAF35A2C5EF06DD96C5AE000EE43F1C93B66D7644EEA","LocationScreenshots","1980-01-01","C:\Users\OH\Projects\marriage-fraud-report\02-evidence\raw\E-001-GooglePhotos\extracted\adri communication\IMG_6603.PNG",".\02-evidence\redacted\categorized\LocationScreenshots\1980-01-01\IMG_6603.PNG","E-001-GooglePhotos","","1980-01-01 00:00:00"
"AFC3EED11A1B424C6753889F3C386B20D5E84192BD1A8A6A18E70F6A748A54E1","Conversations","1980-01-01","C:\Users\OH\Projects\marriage-fraud-report\02-evidence\raw\E-001-GooglePhotos\extracted\adri communication\IMG_6605.PNG",".\02-evidence\redacted\categorized\Conversations\1980-01-01\IMG_6605.PNG","E-001-GooglePhotos","","1980-01-01 00:00:00"
"2D08083A67A774D0C055087BD0258F60331524CA8B0260E0E32A4FDC1185142F","LocationScreenshots","1980-01-01","C:\Users\OH\Projects\marriage-fraud-report\02-evidence\raw\E-001-GooglePhotos\extracted\adri communication\IMG_6606.PNG",".\02-evidence\redacted\categorized\LocationScreenshots\1980-01-01\IMG_6606.PNG","E-001-GooglePhotos","","1980-01-01 00:00:00"
"709CDF6DB629CED5B99A21B596056140C544E3E7163BF25577EC326112AAA56F","LocationScreenshots","1980-01-01","C:\Users\OH\Projects\marriage-fraud-report\02-evidence\raw\E-001-GooglePhotos\extracted\adri communication\IMG_6607.PNG",".\02-evidence\redacted\categorized\LocationScreenshots\1980-01-01\IMG_6607.PNG","E-001-GooglePhotos","","1980-01-01 00:00:00"
"6C4A2DF7E0BA46E63D1A4543797AACA0DEA0080B76CFA63FB791E8AE36E4C0FB","Conversations","1980-01-01","C:\Users\OH\Projects\marriage-fraud-report\02-evidence\raw\E-001-GooglePhotos\extracted\adri communication\IMG_6608.PNG",".\02-evidence\redacted\categorized\Conversations\1980-01-01\IMG_6608.PNG","E-001-GooglePhotos","","1980-01-01 00:00:00"
"E26202975F0264A1FD7222B744937676005379023A13C08ED7FF0364DE4B6ADA","Conversations","1980-01-01","C:\Users\OH\Projects\marriage-fraud-report\02-evidence\raw\E-001-GooglePhotos\extracted\adri communication\IMG_6609.PNG",".\02-evidence\redacted\categorized\Conversations\1980-01-01\IMG_6609.PNG","E-001-GooglePhotos","","1980-01-01 00:00:00"
"0137EE062C4274C0AF5098BA368656083E714EF798B5FB2CDA394282B5DBC00A","LocationScreenshots","1980-01-01","C:\Users\OH\Projects\marriage-fraud-report\02-evidence\raw\E-001-GooglePhotos\extracted\adri communication\IMG_6610.PNG",".\02-evidence\redacted\categorized\LocationScreenshots\1980-01-01\IMG_6610.PNG","E-001-GooglePhotos","","1980-01-01 00:00:00"
"4DF00868142847DCD361491351AC1CFDC830118536EA8FE974FC438D49738B4B","LocationScreenshots","1980-01-01","C:\Users\OH\Projects\marriage-fraud-report\02-evidence\raw\E-001-GooglePhotos\extracted\adri communication\IMG_6611.PNG",".\02-evidence\redacted\categorized\LocationScreenshots\1980-01-01\IMG_6611.PNG","E-001-GooglePhotos","","1980-01-01 00:00:00"
"4ED78DBDF37ED3FA326CB800484E2D19F85E0E4D6C2D95E0A685D0905EE85F06","LocationScreenshots","1980-01-01","C:\Users\OH\Projects\marriage-fraud-report\02-evidence\raw\E-001-GooglePhotos\extracted\adri communication\IMG_6612.PNG",".\02-evidence\redacted\categorized\LocationScreenshots\1980-01-01\IMG_6612.PNG","E-001-GooglePhotos","","1980-01-01 00:00:00"
"383C36C3C6E6E5570649CCF05E1BC96FCAE07C3CCF57DC420CC04A0E93F3C58B","Conversations","1980-01-01","C:\Users\OH\Projects\marriage-fraud-report\02-evidence\raw\E-001-GooglePhotos\extracted\adri communication\IMG_6617.PNG",".\02-evidence\redacted\categorized\Conversations\1980-01-01\IMG_6617.PNG","E-001-GooglePhotos","","1980-01-01 00:00:00"
"9E5A5AEEB930DD589CB589CE68DBBF3DE1F0E5EB56AB349C0AFAAE974E7D3E9B","LocationScreenshots","1980-01-01","C:\Users\OH\Projects\marriage-fraud-report\02-evidence\raw\E-001-GooglePhotos\extracted\adri communication\IMG_6966.PNG",".\02-evidence\redacted\categorized\LocationScreenshots\1980-01-01\IMG_6966.PNG","E-001-GooglePhotos","","1980-01-01 00:00:00"
"584FED6F5EDA18B1C571A834DA220E2602AF54B778393E3E541108F3C899B301","LocationScreenshots","1980-01-01","C:\Users\OH\Projects\marriage-fraud-report\02-evidence\raw\E-001-GooglePhotos\extracted\adri communication\IMG_6967.PNG",".\02-evidence\redacted\categorized\LocationScreenshots\1980-01-01\IMG_6967.PNG","E-001-GooglePhotos","","1980-01-01 00:00:00"
"41748EE91A39F53EFE44D62F6D17420126D19B41D558CBC7EA213C00CC924BFF","LocationScreenshots","1980-01-01","C:\Users\OH\Projects\marriage-fraud-report\02-evidence\raw\E-001-GooglePhotos\extracted\adri communication\IMG_6968.PNG",".\02-evidence\redacted\categorized\LocationScreenshots\1980-01-01\IMG_6968.PNG","E-001-GooglePhotos","","1980-01-01 00:00:00"
"F255778441480CFFB527836CB7A1FEB4C29DC5319BFFA719E09B6094B2409F70","LocationScreenshots","1980-01-01","C:\Users\OH\Projects\marriage-fraud-report\02-evidence\raw\E-001-GooglePhotos\extracted\adri communication\IMG_6969.PNG",".\02-evidence\redacted\categorized\LocationScreenshots\1980-01-01\IMG_6969.PNG","E-001-GooglePhotos","","1980-01-01 00:00:00"
"C23D9AD38BB364F6789776FCE3B4F31F5EFFBCD0F73FDFB6681D51989AE428AB","LocationScreenshots","1980-01-01","C:\Users\OH\Projects\marriage-fraud-report\02-evidence\raw\E-001-GooglePhotos\extracted\adri communication\IMG_6970.PNG",".\02-evidence\redacted\categorized\LocationScreenshots\1980-01-01\IMG_6970.PNG","E-001-GooglePhotos","","1980-01-01 00:00:00"
"7986AFDE5BC2085D8DC55151E19D5F2E7F30FD1305B8710B1C977C1CB3A16487","Conversations","1980-01-01","C:\Users\OH\Projects\marriage-fraud-report\02-evidence\raw\E-001-GooglePhotos\extracted\adri communication\IMG_6971.PNG",".\02-evidence\redacted\categorized\Conversations\1980-01-01\IMG_6971.PNG","E-001-GooglePhotos","","1980-01-01 00:00:00"
"4D61D49E66F03539906F29A7902F946F015462B327FBC7869A7938017CC305B2","LocationScreenshots","1980-01-01","C:\Users\OH\Projects\marriage-fraud-report\02-evidence\raw\E-001-GooglePhotos\extracted\adri communication\IMG_6972.PNG",".\02-evidence\redacted\categorized\LocationScreenshots\1980-01-01\IMG_6972.PNG","E-001-GooglePhotos","","1980-01-01 00:00:00"
"FD87BC79254043E779AA563B3C93EFEC24B3557672B06B1D386BEAD3A67316AC","LocationScreenshots","1980-01-01","C:\Users\OH\Projects\marriage-fraud-report\02-evidence\raw\E-001-GooglePhotos\extracted\adri communication\IMG_6973.PNG",".\02-evidence\redacted\categorized\LocationScreenshots\1980-01-01\IMG_6973.PNG","E-001-GooglePhotos","","1980-01-01 00:00:00"
"11EA974A461664AA8A6EFC7EABBB9DA3DB34C17E623D02768483F1E5D0C10A8A","LocationScreenshots","1980-01-01","C:\Users\OH\Projects\marriage-fraud-report\02-evidence\raw\E-001-GooglePhotos\extracted\adri communication\IMG_6974.PNG",".\02-evidence\redacted\categorized\LocationScreenshots\1980-01-01\IMG_6974.PNG","E-001-GooglePhotos","","1980-01-01 00:00:00"
"61DBF6E87CC9054085D6C6F90E1081F32C2A8724E8BDACBE33705E9B6EAFBF64","LocationScreenshots","1980-01-01","C:\Users\OH\Projects\marriage-fraud-report\02-evidence\raw\E-001-GooglePhotos\extracted\adri communication\IMG_6975.PNG",".\02-evidence\redacted\categorized\LocationScreenshots\1980-01-01\IMG_6975.PNG","E-001-GooglePhotos","","1980-01-01 00:00:00"
"114B5D2F2228A2B21B7512FEBC2DE015422082C7AB2D02C1EAF0934106F50080","LocationScreenshots","1980-01-01","C:\Users\OH\Projects\marriage-fraud-report\02-evidence\raw\E-001-GooglePhotos\extracted\adri communication\IMG_6976.PNG",".\02-evidence\redacted\categorized\LocationScreenshots\1980-01-01\IMG_6976.PNG","E-001-GooglePhotos","","1980-01-01 00:00:00"
"9EBB89F8A1EA53CCD5A936C87D79B8F02D2E16BB00CFA4563C0EA5CC7452F4AB","LocationScreenshots","1980-01-01","C:\Users\OH\Projects\marriage-fraud-report\02-evidence\raw\E-001-GooglePhotos\extracted\adri communication\IMG_6977.PNG",".\02-evidence\redacted\categorized\LocationScreenshots\1980-01-01\IMG_6977.PNG","E-001-GooglePhotos","","1980-01-01 00:00:00"
"12EA25F18ED4AE7772314D844AE23D807EC7400178E3C1B44C7ED142BE62DF00","Conversations","1980-01-01","C:\Users\OH\Projects\marriage-fraud-report\02-evidence\raw\E-001-GooglePhotos\extracted\adri communication\IMG_6978.PNG",".\02-evidence\redacted\categorized\Conversations\1980-01-01\IMG_6978.PNG","E-001-GooglePhotos","","1980-01-01 00:00:00"
"C4A98259678671B0A323CA7B6DFCC9D9EB1795EFD1EA234DADF5765194753B0F","LocationScreenshots","1980-01-01","C:\Users\OH\Projects\marriage-fraud-report\02-evidence\raw\E-001-GooglePhotos\extracted\adri communication\IMG_6979.PNG",".\02-evidence\redacted\categorized\LocationScreenshots\1980-01-01\IMG_6979.PNG","E-001-GooglePhotos","","1980-01-01 00:00:00"
"0D25A41D7FDA6BAA2A3AAE7F14344BD34C0537C9645FEEC035515D5B33160524","LocationScreenshots","1980-01-01","C:\Users\OH\Projects\marriage-fraud-report\02-evidence\raw\E-001-GooglePhotos\extracted\adri communication\IMG_6980.PNG",".\02-evidence\redacted\categorized\LocationScreenshots\1980-01-01\IMG_6980.PNG","E-001-GooglePhotos","","1980-01-01 00:00:00"
"5B03B17A1AFBB31DD7992D2FA0EAF463B369DBBFA8CC51E2530C12E4F4312473","LocationScreenshots","1980-01-01","C:\Users\OH\Projects\marriage-fraud-report\02-evidence\raw\E-001-GooglePhotos\extracted\adri communication\IMG_6981.PNG",".\02-evidence\redacted\categorized\LocationScreenshots\1980-01-01\IMG_6981.PNG","E-001-GooglePhotos","","1980-01-01 00:00:00"
"A787D926360EAB4199E6221614C6652B682806B1FDFAF7498C15CBE8533059A0","LocationScreenshots","1980-01-01","C:\Users\OH\Projects\marriage-fraud-report\02-evidence\raw\E-001-GooglePhotos\extracted\adri communication\IMG_6982.PNG",".\02-evidence\redacted\categorized\LocationScreenshots\1980-01-01\IMG_6982.PNG","E-001-GooglePhotos","","1980-01-01 00:00:00"
"179BD932C72A10B1258632F26BB1D3A5019574300074864F3CC2178858A933F4","LocationScreenshots","1980-01-01","C:\Users\OH\Projects\marriage-fraud-report\02-evidence\raw\E-001-GooglePhotos\extracted\adri communication\IMG_6983.PNG",".\02-evidence\redacted\categorized\LocationScreenshots\1980-01-01\IMG_6983.PNG","E-001-GooglePhotos","","1980-01-01 00:00:00"
"15937EBC13769D467A0EFBF2B9593CAEABF4207AD2EC3029E681A4A679404D56","LocationScreenshots","1980-01-01","C:\Users\OH\Projects\marriage-fraud-report\02-evidence\raw\E-001-GooglePhotos\extracted\adri communication\IMG_6984.PNG",".\02-evidence\redacted\categorized\LocationScreenshots\1980-01-01\IMG_6984.PNG","E-001-GooglePhotos","","1980-01-01 00:00:00"
"0FD3622372174CB45076E9A5CBBDDC0566799B5C64EF43D5030EED143ECA73DC","LocationScreenshots","1980-01-01","C:\Users\OH\Projects\marriage-fraud-report\02-evidence\raw\E-001-GooglePhotos\extracted\adri communication\IMG_6985.PNG",".\02-evidence\redacted\categorized\LocationScreenshots\1980-01-01\IMG_6985.PNG","E-001-GooglePhotos","","1980-01-01 00:00:00"
"05600CC164093AC9F1A84D2E25E3AC7C07FA73C062422EBD3709C5189F241B33","Conversations","1980-01-01","C:\Users\OH\Projects\marriage-fraud-report\02-evidence\raw\E-001-GooglePhotos\extracted\adri communication\IMG_6986.PNG",".\02-evidence\redacted\categorized\Conversations\1980-01-01\IMG_6986.PNG","E-001-GooglePhotos","","1980-01-01 00:00:00"
"6840BCB11C6C2EC1E4C57EF37CFCE0D2D045BCB6F30AAD1340873BE86D273776","LocationScreenshots","1980-01-01","C:\Users\OH\Projects\marriage-fraud-report\02-evidence\raw\E-001-GooglePhotos\extracted\adri communication\IMG_6993.PNG",".\02-evidence\redacted\categorized\LocationScreenshots\1980-01-01\IMG_6993.PNG","E-001-GooglePhotos","","1980-01-01 00:00:00"
"92C266D50E0862E68BF68AEA5C900F9B3826CD84710D2CC4D3A0FBB5C0DD81AF","Conversations","1980-01-01","C:\Users\OH\Projects\marriage-fraud-report\02-evidence\raw\E-001-GooglePhotos\extracted\adri communication\IMG_7005.PNG",".\02-evidence\redacted\categorized\Conversations\1980-01-01\IMG_7005.PNG","E-001-GooglePhotos","","1980-01-01 00:00:00"
"18CFB7000ECD09F1B1AD45478E89D5EB3FDEF2988EC29989C275E6032E811683","LocationScreenshots","1980-01-01","C:\Users\OH\Projects\marriage-fraud-report\02-evidence\raw\E-001-GooglePhotos\extracted\adri communication\IMG_7082.PNG",".\02-evidence\redacted\categorized\LocationScreenshots\1980-01-01\IMG_7082.PNG","E-001-GooglePhotos","","1980-01-01 00:00:00"
"9774293A829894735050A49D4F19B9F5B1D8BBD65A19679B7A283FCEF2046EFA","LocationScreenshots","1980-01-01","C:\Users\OH\Projects\marriage-fraud-report\02-evidence\raw\E-001-GooglePhotos\extracted\adri communication\IMG_7083.PNG",".\02-evidence\redacted\categorized\LocationScreenshots\1980-01-01\IMG_7083.PNG","E-001-GooglePhotos","","1980-01-01 00:00:00"
"41204A913C9794F30C6427B7244DE2858CC5F0C325BFDC21E0CF89CDA804E4D8","LocationScreenshots","1980-01-01","C:\Users\OH\Projects\marriage-fraud-report\02-evidence\raw\E-001-GooglePhotos\extracted\adri communication\IMG_7084.PNG",".\02-evidence\redacted\categorized\LocationScreenshots\1980-01-01\IMG_7084.PNG","E-001-GooglePhotos","","1980-01-01 00:00:00"
"AD6E8E7DDC920877342CC608DD262C8F021F0EF3AE716053BCC192FE91D1A166","LocationScreenshots","1980-01-01","C:\Users\OH\Projects\marriage-fraud-report\02-evidence\raw\E-001-GooglePhotos\extracted\adri communication\IMG_7085.PNG",".\02-evidence\redacted\categorized\LocationScreenshots\1980-01-01\IMG_7085.PNG","E-001-GooglePhotos","","1980-01-01 00:00:00"
"9692AEDF7AA42F235F5379CBEA9961E2E649F7C79C708A26DF9719E035D7625C","LocationScreenshots","1980-01-01","C:\Users\OH\Projects\marriage-fraud-report\02-evidence\raw\E-001-GooglePhotos\extracted\adri communication\IMG_7086.PNG",".\02-evidence\redacted\categorized\LocationScreenshots\1980-01-01\IMG_7086.PNG","E-001-GooglePhotos","","1980-01-01 00:00:00"
"C5D7A1CC78C99F44E9F7DCC4DF6B93F8293C4FC576E32F8D9A95DDD5C9F860AD","LocationScreenshots","1980-01-01","C:\Users\OH\Projects\marriage-fraud-report\02-evidence\raw\E-001-GooglePhotos\extracted\adri communication\IMG_7123.PNG",".\02-evidence\redacted\categorized\LocationScreenshots\1980-01-01\IMG_7123.PNG","E-001-GooglePhotos","","1980-01-01 00:00:00"
"4C9BD901E60C06DACD77D8FFF837779EBE7C3894A503D7E6A91716D5CC6279AD","LocationScreenshots","1980-01-01","C:\Users\OH\Projects\marriage-fraud-report\02-evidence\raw\E-001-GooglePhotos\extracted\adri communication\IMG_7125.PNG",".\02-evidence\redacted\categorized\LocationScreenshots\1980-01-01\IMG_7125.PNG","E-001-GooglePhotos","","1980-01-01 00:00:00"
"46D2A5F10EA1C7293971F4B48A64E7DC84F334B1DDD10EEDBFAC40855652DE12","LocationScreenshots","1980-01-01","C:\Users\OH\Projects\marriage-fraud-report\02-evidence\raw\E-001-GooglePhotos\extracted\adri communication\IMG_7126.PNG",".\02-evidence\redacted\categorized\LocationScreenshots\1980-01-01\IMG_7126.PNG","E-001-GooglePhotos","","1980-01-01 00:00:00"
"DE17C0E720330A95BFA9AD045CB3E850F4D619D20720A4A4044221A0DD0630A9","Conversations","1980-01-01","C:\Users\OH\Projects\marriage-fraud-report\02-evidence\raw\E-001-GooglePhotos\extracted\adri communication\IMG_7187.PNG",".\02-evidence\redacted\categorized\Conversations\1980-01-01\IMG_7187.PNG","E-001-GooglePhotos","","1980-01-01 00:00:00"
"1D3A605443E1123764C5E90BD9344C4A3386F09A894FB88933E0A3814099D71D","LocationScreenshots","1980-01-01","C:\Users\OH\Projects\marriage-fraud-report\02-evidence\raw\E-001-GooglePhotos\extracted\adri communication\IMG_7188.PNG",".\02-evidence\redacted\categorized\LocationScreenshots\1980-01-01\IMG_7188.PNG","E-001-GooglePhotos","","1980-01-01 00:00:00"
