FilePath,FileName,PredictedCategory,Date,Score_FakeIDs,Score_DrugPayments,Score_LocationScreenshots,Score_Conversations,Score_BackgroundDocs
02-evidence/redacted/E-001-GooglePhotos-selected/IMG_0649.PNG,IMG_0649.PNG,Conversations,2025-08-13,0.1815,0.2404,0.2062,0.3016,0.2231
02-evidence/redacted/E-001-GooglePhotos-selected/IMG_0650.PNG,IMG_0650.PNG,Conversations,2025-08-13,0.1744,0.2448,0.2112,0.3045,0.2242
02-evidence/redacted/E-001-GooglePhotos-selected/IMG_0651.PNG,IMG_0651.PNG,Conversations,2025-08-13,0.1732,0.2341,0.2055,0.2941,0.2239
02-evidence/redacted/E-001-GooglePhotos-selected/IMG_0652.PNG,IMG_0652.PNG,Conversations,2025-08-13,0.1690,0.2335,0.2068,0.2845,0.2250
02-evidence/redacted/E-001-GooglePhotos-selected/IMG_0653.PNG,IMG_0653.PNG,Conversations,2025-08-13,0.1712,0.2400,0.2040,0.2858,0.2229
02-evidence/redacted/E-001-GooglePhotos-selected/IMG_0708.PNG,IMG_0708.PNG,FakeIDs,2025-08-13,0.2862,0.2152,0.1998,0.1839,0.2470
02-evidence/redacted/E-001-GooglePhotos-selected/IMG_0888.PNG,IMG_0888.PNG,Conversations,2025-08-13,0.1705,0.2260,0.2248,0.2489,0.2184
02-evidence/redacted/E-001-GooglePhotos-selected/IMG_0889.PNG,IMG_0889.PNG,Conversations,2025-08-13,0.1700,0.2449,0.2315,0.2908,0.2156
02-evidence/redacted/E-001-GooglePhotos-selected/IMG_1748.PNG,IMG_1748.PNG,Conversations,2025-08-13,0.1665,0.1980,0.1718,0.2783,0.2010
02-evidence/redacted/E-001-GooglePhotos-selected/IMG_1777.PNG,IMG_1777.PNG,Conversations,2025-08-13,0.1859,0.2143,0.2135,0.2836,0.2125
02-evidence/redacted/E-001-GooglePhotos-selected/IMG_1809.PNG,IMG_1809.PNG,LocationScreenshots,2025-08-13,0.1862,0.2176,0.2265,0.2032,0.1893
02-evidence/redacted/E-001-GooglePhotos-selected/IMG_1810.PNG,IMG_1810.PNG,DrugPayments,2025-08-13,0.1935,0.2378,0.1985,0.2298,0.1980
02-evidence/redacted/E-001-GooglePhotos-selected/IMG_1876.PNG,IMG_1876.PNG,Conversations,2025-08-13,0.1589,0.2232,0.2208,0.2657,0.1973
02-evidence/redacted/E-001-GooglePhotos-selected/IMG_1877.PNG,IMG_1877.PNG,Conversations,2025-08-13,0.1600,0.2562,0.2097,0.2678,0.2120
02-evidence/redacted/E-001-GooglePhotos-selected/IMG_1878.PNG,IMG_1878.PNG,Conversations,2025-08-13,0.1600,0.2602,0.2096,0.2637,0.2118
02-evidence/redacted/E-001-GooglePhotos-selected/IMG_2038.PNG,IMG_2038.PNG,LocationScreenshots,2025-08-13,0.1822,0.2535,0.2759,0.2701,0.2198
02-evidence/redacted/E-001-GooglePhotos-selected/IMG_2041.PNG,IMG_2041.PNG,Conversations,2025-08-13,0.1586,0.2087,0.1850,0.2734,0.1899
02-evidence/redacted/E-001-GooglePhotos-selected/IMG_2044.PNG,IMG_2044.PNG,Conversations,2025-08-13,0.1948,0.2584,0.2103,0.2667,0.2102
02-evidence/redacted/E-001-GooglePhotos-selected/IMG_2046.PNG,IMG_2046.PNG,Conversations,2025-08-13,0.2010,0.2464,0.2224,0.3019,0.2299
02-evidence/redacted/E-001-GooglePhotos-selected/IMG_2048.PNG,IMG_2048.PNG,Conversations,2025-08-13,0.2064,0.2413,0.2222,0.2652,0.2390
02-evidence/redacted/E-001-GooglePhotos-selected/IMG_2502.PNG,IMG_2502.PNG,Conversations,2025-08-13,0.1560,0.2149,0.1812,0.3036,0.2074
02-evidence/redacted/E-001-GooglePhotos-selected/IMG_2509.PNG,IMG_2509.PNG,Conversations,2025-08-13,0.1825,0.2246,0.1987,0.2925,0.2244
02-evidence/redacted/E-001-GooglePhotos-selected/IMG_2513.PNG,IMG_2513.PNG,Conversations,2025-08-13,0.1633,0.2338,0.2140,0.3018,0.2071
02-evidence/redacted/E-001-GooglePhotos-selected/IMG_3291.PNG,IMG_3291.PNG,LocationScreenshots,2025-08-13,0.1912,0.2526,0.2705,0.2685,0.2147
02-evidence/redacted/E-001-GooglePhotos-selected/IMG_3666.PNG,IMG_3666.PNG,Conversations,2025-08-13,0.2230,0.2331,0.2004,0.2530,0.2000
02-evidence/redacted/E-001-GooglePhotos-selected/IMG_4542.PNG,IMG_4542.PNG,Conversations,2025-08-13,0.1693,0.2361,0.2157,0.2884,0.2230
02-evidence/redacted/E-001-GooglePhotos-selected/IMG_4547.PNG,IMG_4547.PNG,Conversations,2025-08-13,0.1439,0.2340,0.1840,0.2965,0.2107
02-evidence/redacted/E-001-GooglePhotos-selected/IMG_4549.PNG,IMG_4549.PNG,BackgroundDocs,2025-08-13,0.1817,0.2428,0.2096,0.2538,0.2659
02-evidence/redacted/E-001-GooglePhotos-selected/IMG_4552.PNG,IMG_4552.PNG,BackgroundDocs,2025-08-13,0.1982,0.2306,0.2096,0.2318,0.2751
02-evidence/redacted/E-001-GooglePhotos-selected/IMG_4553.PNG,IMG_4553.PNG,BackgroundDocs,2025-08-13,0.1859,0.2117,0.2118,0.2367,0.2445
02-evidence/redacted/E-001-GooglePhotos-selected/IMG_4554.PNG,IMG_4554.PNG,Conversations,2025-08-13,0.1790,0.2114,0.1966,0.2491,0.2205
02-evidence/redacted/E-001-GooglePhotos-selected/IMG_4932.PNG,IMG_4932.PNG,Conversations,2025-08-13,0.1591,0.2162,0.1990,0.2863,0.2104
02-evidence/redacted/E-001-GooglePhotos-selected/IMG_4933.PNG,IMG_4933.PNG,Conversations,2025-08-13,0.1623,0.2387,0.2228,0.2926,0.2167
02-evidence/redacted/E-001-GooglePhotos-selected/IMG_4938.PNG,IMG_4938.PNG,Conversations,2025-08-13,0.1598,0.1973,0.1899,0.2953,0.1945
02-evidence/redacted/E-001-GooglePhotos-selected/IMG_4940.PNG,IMG_4940.PNG,Conversations,2025-08-13,0.1763,0.2241,0.2390,0.2766,0.2005
02-evidence/redacted/E-001-GooglePhotos-selected/IMG_4947.PNG,IMG_4947.PNG,BackgroundDocs,2025-08-13,0.1951,0.2243,0.2321,0.2327,0.2614
02-evidence/redacted/E-001-GooglePhotos-selected/IMG_4948.PNG,IMG_4948.PNG,Conversations,2025-08-13,0.1650,0.2232,0.1926,0.2751,0.2286
02-evidence/redacted/E-001-GooglePhotos-selected/IMG_4949.PNG,IMG_4949.PNG,Conversations,2025-08-13,0.1609,0.2226,0.2079,0.2582,0.2149
02-evidence/redacted/E-001-GooglePhotos-selected/IMG_4955.PNG,IMG_4955.PNG,Conversations,2025-08-13,0.1690,0.2177,0.1897,0.2899,0.2048
02-evidence/redacted/E-001-GooglePhotos-selected/IMG_5181.PNG,IMG_5181.PNG,Conversations,2025-08-13,0.1749,0.2493,0.1982,0.2960,0.2169
02-evidence/redacted/E-001-GooglePhotos-selected/IMG_5182.PNG,IMG_5182.PNG,Conversations,2025-08-13,0.1754,0.2489,0.1980,0.2948,0.2174
02-evidence/redacted/E-001-GooglePhotos-selected/IMG_5200.PNG,IMG_5200.PNG,Conversations,2025-08-13,0.1806,0.2514,0.2024,0.2788,0.2371
02-evidence/redacted/E-001-GooglePhotos-selected/IMG_5220.PNG,IMG_5220.PNG,Conversations,2025-08-13,0.1948,0.2265,0.2234,0.2965,0.1890
02-evidence/redacted/E-001-GooglePhotos-selected/IMG_5221.PNG,IMG_5221.PNG,Conversations,2025-08-13,0.2096,0.2293,0.2208,0.2956,0.1995
02-evidence/redacted/E-001-GooglePhotos-selected/IMG_5258.PNG,IMG_5258.PNG,Conversations,2025-08-13,0.1693,0.2345,0.1813,0.2791,0.2213
02-evidence/redacted/E-001-GooglePhotos-selected/IMG_5259.PNG,IMG_5259.PNG,Conversations,2025-08-13,0.1789,0.2522,0.2071,0.2954,0.2200
02-evidence/redacted/E-001-GooglePhotos-selected/IMG_5261.PNG,IMG_5261.PNG,Conversations,2025-08-13,0.2046,0.2246,0.2188,0.2977,0.1949
02-evidence/redacted/E-001-GooglePhotos-selected/IMG_5365.PNG,IMG_5365.PNG,Conversations,2025-08-13,0.2055,0.2384,0.2108,0.2651,0.2122
02-evidence/redacted/E-001-GooglePhotos-selected/IMG_5369.PNG,IMG_5369.PNG,Conversations,2025-08-13,0.2066,0.2420,0.2143,0.2643,0.2129
02-evidence/redacted/E-001-GooglePhotos-selected/IMG_5896.PNG,IMG_5896.PNG,Conversations,2025-08-13,0.1585,0.2135,0.1879,0.2678,0.2103
02-evidence/redacted/E-001-GooglePhotos-selected/IMG_5903.PNG,IMG_5903.PNG,Conversations,2025-08-13,0.1652,0.2170,0.1858,0.2476,0.2207
02-evidence/redacted/E-001-GooglePhotos-selected/IMG_5904.PNG,IMG_5904.PNG,Conversations,2025-08-13,0.1626,0.2220,0.1984,0.2703,0.2115
02-evidence/redacted/E-001-GooglePhotos-selected/IMG_5905.PNG,IMG_5905.PNG,Conversations,2025-08-13,0.1815,0.2174,0.1836,0.2613,0.2166
02-evidence/redacted/E-001-GooglePhotos-selected/IMG_5906.PNG,IMG_5906.PNG,DrugPayments,2025-08-13,0.1833,0.2517,0.1833,0.2406,0.2391
02-evidence/redacted/E-001-GooglePhotos-selected/IMG_5907.PNG,IMG_5907.PNG,Conversations,2025-08-13,0.1880,0.2585,0.2177,0.2851,0.2148
02-evidence/redacted/E-001-GooglePhotos-selected/IMG_5908.PNG,IMG_5908.PNG,Conversations,2025-08-13,0.1874,0.2441,0.1743,0.2600,0.2262
02-evidence/redacted/E-001-GooglePhotos-selected/IMG_5909.PNG,IMG_5909.PNG,Conversations,2025-08-13,0.1468,0.2137,0.1794,0.2487,0.2089
02-evidence/redacted/E-001-GooglePhotos-selected/IMG_5910.PNG,IMG_5910.PNG,Conversations,2025-08-13,0.1711,0.1981,0.1983,0.2146,0.2144
02-evidence/redacted/E-001-GooglePhotos-selected/IMG_5911.PNG,IMG_5911.PNG,Conversations,2025-08-13,0.1448,0.1922,0.1691,0.2176,0.1944
02-evidence/redacted/E-001-GooglePhotos-selected/IMG_5953.PNG,IMG_5953.PNG,Conversations,2025-08-13,0.1659,0.2718,0.2087,0.2725,0.2265
02-evidence/redacted/E-001-GooglePhotos-selected/IMG_5954.PNG,IMG_5954.PNG,Conversations,2025-08-13,0.1822,0.2623,0.2293,0.2999,0.2296
02-evidence/redacted/E-001-GooglePhotos-selected/IMG_6556.PNG,IMG_6556.PNG,Conversations,2025-08-13,0.1299,0.2255,0.1894,0.2856,0.1972
02-evidence/redacted/E-001-GooglePhotos-selected/IMG_6557.PNG,IMG_6557.PNG,Conversations,2025-08-13,0.1690,0.2224,0.1972,0.2751,0.2059
02-evidence/redacted/E-001-GooglePhotos-selected/IMG_6564.PNG,IMG_6564.PNG,Conversations,2025-08-13,0.1590,0.2173,0.1692,0.2832,0.2088
02-evidence/redacted/E-001-GooglePhotos-selected/IMG_6565.PNG,IMG_6565.PNG,Conversations,2025-08-13,0.1505,0.2209,0.1647,0.2642,0.1926
02-evidence/redacted/E-001-GooglePhotos-selected/IMG_6567.PNG,IMG_6567.PNG,Conversations,2025-08-13,0.1494,0.2203,0.1676,0.2731,0.1937
02-evidence/redacted/E-001-GooglePhotos-selected/IMG_6569.PNG,IMG_6569.PNG,Conversations,2025-08-13,0.1552,0.2217,0.1825,0.2693,0.2297
02-evidence/redacted/E-001-GooglePhotos-selected/IMG_6570.PNG,IMG_6570.PNG,Conversations,2025-08-13,0.1542,0.2252,0.1817,0.2791,0.1972
02-evidence/redacted/E-001-GooglePhotos-selected/IMG_6571.PNG,IMG_6571.PNG,Conversations,2025-08-13,0.1542,0.2252,0.1817,0.2791,0.1972
02-evidence/redacted/E-001-GooglePhotos-selected/IMG_6572.PNG,IMG_6572.PNG,Conversations,2025-08-13,0.1496,0.2200,0.1673,0.2715,0.1931
02-evidence/redacted/E-001-GooglePhotos-selected/IMG_6578.PNG,IMG_6578.PNG,Conversations,2025-08-13,0.1658,0.2387,0.2069,0.3009,0.2089
02-evidence/redacted/E-001-GooglePhotos-selected/IMG_6579.PNG,IMG_6579.PNG,Conversations,2025-08-13,0.1817,0.2391,0.2233,0.3068,0.2214
02-evidence/redacted/E-001-GooglePhotos-selected/IMG_6580.PNG,IMG_6580.PNG,Conversations,2025-08-13,0.1609,0.2131,0.1919,0.2697,0.2151
02-evidence/redacted/E-001-GooglePhotos-selected/IMG_6581.PNG,IMG_6581.PNG,Conversations,2025-08-13,0.1547,0.2224,0.1818,0.2694,0.2294
02-evidence/redacted/E-001-GooglePhotos-selected/IMG_6582.PNG,IMG_6582.PNG,Conversations,2025-08-13,0.1554,0.2304,0.1934,0.2841,0.2146
02-evidence/redacted/E-001-GooglePhotos-selected/IMG_6583.PNG,IMG_6583.PNG,Conversations,2025-08-13,0.1815,0.2147,0.1757,0.2303,0.2150
02-evidence/redacted/E-001-GooglePhotos-selected/IMG_6584.PNG,IMG_6584.PNG,Conversations,2025-08-13,0.1388,0.2179,0.1863,0.2963,0.2062
02-evidence/redacted/E-001-GooglePhotos-selected/IMG_6585.PNG,IMG_6585.PNG,Conversations,2025-08-13,0.1554,0.2326,0.1820,0.2576,0.2046
02-evidence/redacted/E-001-GooglePhotos-selected/IMG_6586.PNG,IMG_6586.PNG,Conversations,2025-08-13,0.1623,0.2363,0.1933,0.2845,0.2071
02-evidence/redacted/E-001-GooglePhotos-selected/IMG_6587.PNG,IMG_6587.PNG,Conversations,2025-08-13,0.1477,0.2354,0.1772,0.2839,0.2126
02-evidence/redacted/E-001-GooglePhotos-selected/IMG_6589.PNG,IMG_6589.PNG,Conversations,2025-08-13,0.1843,0.2223,0.1971,0.2917,0.2301
02-evidence/redacted/E-001-GooglePhotos-selected/IMG_6593.PNG,IMG_6593.PNG,Conversations,2025-08-13,0.1686,0.2024,0.1776,0.2724,0.2269
02-evidence/redacted/E-001-GooglePhotos-selected/IMG_6595.PNG,IMG_6595.PNG,Conversations,2025-08-13,0.1740,0.2296,0.1916,0.2561,0.2094
02-evidence/redacted/E-001-GooglePhotos-selected/IMG_6596.PNG,IMG_6596.PNG,Conversations,2025-08-13,0.1697,0.2157,0.1936,0.2537,0.2098
02-evidence/redacted/E-001-GooglePhotos-selected/IMG_6597.PNG,IMG_6597.PNG,FakeIDs,2025-08-13,0.2976,0.2431,0.2230,0.2562,0.2692
02-evidence/redacted/E-001-GooglePhotos-selected/IMG_6599.PNG,IMG_6599.PNG,Conversations,2025-08-13,0.1705,0.2147,0.2090,0.2588,0.2103
02-evidence/redacted/E-001-GooglePhotos-selected/IMG_6600.PNG,IMG_6600.PNG,Conversations,2025-08-13,0.1737,0.2286,0.1834,0.2803,0.2062
02-evidence/redacted/E-001-GooglePhotos-selected/IMG_6602.PNG,IMG_6602.PNG,Conversations,2025-08-13,0.1401,0.2226,0.1966,0.2818,0.2076
02-evidence/redacted/E-001-GooglePhotos-selected/IMG_6603.PNG,IMG_6603.PNG,Conversations,2025-08-13,0.1740,0.2335,0.1921,0.2825,0.2091
02-evidence/redacted/E-001-GooglePhotos-selected/IMG_6605.PNG,IMG_6605.PNG,Conversations,2025-08-13,0.1516,0.2275,0.1881,0.2874,0.2037
02-evidence/redacted/E-001-GooglePhotos-selected/IMG_6606.PNG,IMG_6606.PNG,Conversations,2025-08-13,0.1956,0.2486,0.2385,0.3131,0.2335
02-evidence/redacted/E-001-GooglePhotos-selected/IMG_6607.PNG,IMG_6607.PNG,Conversations,2025-08-13,0.1684,0.2333,0.2069,0.2773,0.2170
02-evidence/redacted/E-001-GooglePhotos-selected/IMG_6608.PNG,IMG_6608.PNG,Conversations,2025-08-13,0.1701,0.2235,0.1689,0.2457,0.2102
02-evidence/redacted/E-001-GooglePhotos-selected/IMG_6609.PNG,IMG_6609.PNG,Conversations,2025-08-13,0.1592,0.2313,0.1904,0.2887,0.2076
02-evidence/redacted/E-001-GooglePhotos-selected/IMG_6610.PNG,IMG_6610.PNG,Conversations,2025-08-13,0.1668,0.2357,0.1798,0.2779,0.2249
02-evidence/redacted/E-001-GooglePhotos-selected/IMG_6611.PNG,IMG_6611.PNG,Conversations,2025-08-13,0.1612,0.2321,0.1784,0.2630,0.2189
02-evidence/redacted/E-001-GooglePhotos-selected/IMG_6612.PNG,IMG_6612.PNG,Conversations,2025-08-13,0.1417,0.2385,0.1785,0.2726,0.1980
02-evidence/redacted/E-001-GooglePhotos-selected/IMG_6617.PNG,IMG_6617.PNG,Conversations,2025-08-13,0.1814,0.2166,0.1782,0.2355,0.2157
02-evidence/redacted/E-001-GooglePhotos-selected/IMG_6966.PNG,IMG_6966.PNG,Conversations,2025-08-13,0.1522,0.2149,0.1925,0.2740,0.1954
02-evidence/redacted/E-001-GooglePhotos-selected/IMG_6967.PNG,IMG_6967.PNG,Conversations,2025-08-13,0.1608,0.2107,0.1812,0.2630,0.2063
02-evidence/redacted/E-001-GooglePhotos-selected/IMG_6968.PNG,IMG_6968.PNG,Conversations,2025-08-13,0.1903,0.2552,0.1953,0.2980,0.2392
02-evidence/redacted/E-001-GooglePhotos-selected/IMG_6969.PNG,IMG_6969.PNG,Conversations,2025-08-13,0.1373,0.2215,0.1758,0.2762,0.2089
02-evidence/redacted/E-001-GooglePhotos-selected/IMG_6970.PNG,IMG_6970.PNG,Conversations,2025-08-13,0.1436,0.2262,0.1823,0.2799,0.1963
02-evidence/redacted/E-001-GooglePhotos-selected/IMG_6971.PNG,IMG_6971.PNG,Conversations,2025-08-13,0.1665,0.2261,0.1865,0.3020,0.2028
02-evidence/redacted/E-001-GooglePhotos-selected/IMG_6972.PNG,IMG_6972.PNG,Conversations,2025-08-13,0.1407,0.2173,0.1754,0.2774,0.1993
02-evidence/redacted/E-001-GooglePhotos-selected/IMG_6973.PNG,IMG_6973.PNG,Conversations,2025-08-13,0.1629,0.2364,0.1881,0.2804,0.2165
02-evidence/redacted/E-001-GooglePhotos-selected/IMG_6974.PNG,IMG_6974.PNG,Conversations,2025-08-13,0.1766,0.2306,0.2240,0.3046,0.2246
02-evidence/redacted/E-001-GooglePhotos-selected/IMG_6975.PNG,IMG_6975.PNG,Conversations,2025-08-13,0.1663,0.2508,0.2309,0.3019,0.2089
02-evidence/redacted/E-001-GooglePhotos-selected/IMG_6976.PNG,IMG_6976.PNG,Conversations,2025-08-13,0.1638,0.2419,0.2069,0.3013,0.2312
02-evidence/redacted/E-001-GooglePhotos-selected/IMG_6977.PNG,IMG_6977.PNG,Conversations,2025-08-13,0.1597,0.2376,0.2028,0.3012,0.2069
02-evidence/redacted/E-001-GooglePhotos-selected/IMG_6978.PNG,IMG_6978.PNG,Conversations,2025-08-13,0.1510,0.2216,0.1786,0.2766,0.1930
02-evidence/redacted/E-001-GooglePhotos-selected/IMG_6979.PNG,IMG_6979.PNG,Conversations,2025-08-13,0.1890,0.1925,0.2084,0.2321,0.2091
02-evidence/redacted/E-001-GooglePhotos-selected/IMG_6980.PNG,IMG_6980.PNG,Conversations,2025-08-13,0.1738,0.2092,0.1869,0.2314,0.2032
02-evidence/redacted/E-001-GooglePhotos-selected/IMG_6981.PNG,IMG_6981.PNG,Conversations,2025-08-13,0.1664,0.1978,0.1712,0.2299,0.2065
02-evidence/redacted/E-001-GooglePhotos-selected/IMG_6982.PNG,IMG_6982.PNG,Conversations,2025-08-13,0.1755,0.1962,0.1796,0.2199,0.2003
02-evidence/redacted/E-001-GooglePhotos-selected/IMG_6983.PNG,IMG_6983.PNG,Conversations,2025-08-13,0.1856,0.1977,0.1864,0.2318,0.2000
02-evidence/redacted/E-001-GooglePhotos-selected/IMG_6984.PNG,IMG_6984.PNG,Conversations,2025-08-13,0.1876,0.2070,0.2098,0.2287,0.2099
02-evidence/redacted/E-001-GooglePhotos-selected/IMG_6985.PNG,IMG_6985.PNG,Conversations,2025-08-13,0.1665,0.2120,0.1922,0.2411,0.2022
02-evidence/redacted/E-001-GooglePhotos-selected/IMG_6986.PNG,IMG_6986.PNG,Conversations,2025-08-13,0.2054,0.2444,0.2208,0.2565,0.2061
02-evidence/redacted/E-001-GooglePhotos-selected/IMG_6993.PNG,IMG_6993.PNG,Conversations,2025-08-13,0.1810,0.2490,0.2198,0.2853,0.2211
02-evidence/redacted/E-001-GooglePhotos-selected/IMG_7005.PNG,IMG_7005.PNG,Conversations,2025-08-13,0.1505,0.2403,0.1893,0.2916,0.1954
02-evidence/redacted/E-001-GooglePhotos-selected/IMG_7082.PNG,IMG_7082.PNG,Conversations,2025-08-13,0.1715,0.2370,0.2005,0.2916,0.2199
02-evidence/redacted/E-001-GooglePhotos-selected/IMG_7083.PNG,IMG_7083.PNG,Conversations,2025-08-13,0.1679,0.2450,0.2097,0.2922,0.2313
02-evidence/redacted/E-001-GooglePhotos-selected/IMG_7084.PNG,IMG_7084.PNG,Conversations,2025-08-13,0.1634,0.2474,0.2062,0.2819,0.2293
02-evidence/redacted/E-001-GooglePhotos-selected/IMG_7085.PNG,IMG_7085.PNG,Conversations,2025-08-13,0.1716,0.2370,0.2005,0.2917,0.2199
02-evidence/redacted/E-001-GooglePhotos-selected/IMG_7086.PNG,IMG_7086.PNG,Conversations,2025-08-13,0.1627,0.2510,0.2065,0.2829,0.2322
02-evidence/redacted/E-001-GooglePhotos-selected/IMG_7123.PNG,IMG_7123.PNG,Conversations,2025-08-13,0.1476,0.2199,0.1937,0.2905,0.1971
02-evidence/redacted/E-001-GooglePhotos-selected/IMG_7125.PNG,IMG_7125.PNG,Conversations,2025-08-13,0.1592,0.2021,0.1810,0.2337,0.2071
02-evidence/redacted/E-001-GooglePhotos-selected/IMG_7126.PNG,IMG_7126.PNG,Conversations,2025-08-13,0.1845,0.2203,0.1748,0.2554,0.2275
02-evidence/redacted/E-001-GooglePhotos-selected/IMG_7187.PNG,IMG_7187.PNG,Conversations,2025-08-13,0.1657,0.2243,0.1834,0.2724,0.2249
02-evidence/redacted/E-001-GooglePhotos-selected/IMG_7188.PNG,IMG_7188.PNG,Conversations,2025-08-13,0.1590,0.2169,0.1816,0.2825,0.2085
